<?xml version="1.0" encoding="UTF-8" ?>
<XMLDB PATH="course/format/socialwall/db" VERSION="20140803" COMMENT="XMLDB file for Moodle course/format/socialwall"
    xmlns:xsi="http://www.w3.org/2001/XMLSchema-instance"
    xsi:noNamespaceSchemaLocation="../../../../lib/xmldb/xmldb.xsd"
>
  <TABLES>
    <TABLE NAME="format_socialwall_likes" COMMENT="likes related to a post">
      <FIELDS>
        <FIELD NAME="id" TYPE="int" LENGTH="10" NOTNULL="true" SEQUENCE="true"/>
        <FIELD NAME="courseid" TYPE="int" LENGTH="10" NOTNULL="true" SEQUENCE="false"/>
        <FIELD NAME="postid" TYPE="int" LENGTH="10" NOTNULL="true" SEQUENCE="false"/>
        <FIELD NAME="fromuserid" TYPE="int" LENGTH="10" NOTNULL="true" SEQUENCE="false"/>
        <FIELD NAME="timecreated" TYPE="int" LENGTH="10" NOTNULL="true" SEQUENCE="false"/>
      </FIELDS>
      <KEYS>
        <KEY NAME="primary" TYPE="primary" FIELDS="id"/>
      </KEYS>
      <INDEXES>
        <INDEX NAME="idx_postid" UNIQUE="false" FIELDS="postid"/>
        <INDEX NAME="idx_crsid_postid" UNIQUE="false" FIELDS="courseid, postid"/>
        <INDEX NAME="idx_postid_usrid" UNIQUE="false" FIELDS="postid, fromuserid"/>
      </INDEXES>
    </TABLE>
    <TABLE NAME="format_socialwall_posts" COMMENT="hold all post to the time line">
      <FIELDS>
        <FIELD NAME="id" TYPE="int" LENGTH="10" NOTNULL="true" SEQUENCE="true"/>
        <FIELD NAME="courseid" TYPE="int" LENGTH="10" NOTNULL="true" SEQUENCE="false"/>
        <FIELD NAME="fromuserid" TYPE="int" LENGTH="10" NOTNULL="true" SEQUENCE="false"/>
        <FIELD NAME="togroupid" TYPE="int" LENGTH="10" NOTNULL="true" SEQUENCE="false" COMMENT="groupid or 0 for all users."/>
        <FIELD NAME="posttext" TYPE="text" NOTNULL="false" SEQUENCE="false"/>
        <FIELD NAME="sticky" TYPE="int" LENGTH="4" NOTNULL="false" DEFAULT="0" SEQUENCE="false"/>
        <FIELD NAME="private" TYPE="int" LENGTH="4" NOTNULL="false" DEFAULT="0" SEQUENCE="false"/>
        <FIELD NAME="alert" TYPE="int" LENGTH="4" NOTNULL="false" DEFAULT="0" SEQUENCE="false"/>
        <FIELD NAME="locked" TYPE="int" LENGTH="4" NOTNULL="true" DEFAULT="0" SEQUENCE="false"/>
        <FIELD NAME="countcomments" TYPE="int" LENGTH="10" NOTNULL="true" DEFAULT="0" SEQUENCE="false"/>
        <FIELD NAME="countlikes" TYPE="int" LENGTH="10" NOTNULL="true" DEFAULT="0" SEQUENCE="false"/>
        <FIELD NAME="timecreated" TYPE="int" LENGTH="10" NOTNULL="true" SEQUENCE="false"/>
        <FIELD NAME="timemodified" TYPE="int" LENGTH="10" NOTNULL="true" SEQUENCE="false"/>
      </FIELDS>
      <KEYS>
        <KEY NAME="primary" TYPE="primary" FIELDS="id"/>
      </KEYS>
      <INDEXES>
        <INDEX NAME="idx_crsid" UNIQUE="false" FIELDS="courseid"/>
        <INDEX NAME="idx_crsid_grpid" UNIQUE="false" FIELDS="courseid, togroupid"/>
        <INDEX NAME="idx_crsid_grpid_time" UNIQUE="false" FIELDS="courseid, togroupid, timecreated"/>
        <INDEX NAME="idx_crsid_alrt" UNIQUE="false" FIELDS="courseid, alert"/>
        <INDEX NAME="idx_crsid_alrt_priv" UNIQUE="false" FIELDS="courseid, alert, private"/>
      </INDEXES>
    </TABLE>
    <TABLE NAME="format_socialwall_comments" COMMENT="comment related to a post">
      <FIELDS>
        <FIELD NAME="id" TYPE="int" LENGTH="10" NOTNULL="true" SEQUENCE="true"/>
        <FIELD NAME="courseid" TYPE="int" LENGTH="10" NOTNULL="true" SEQUENCE="false"/>
        <FIELD NAME="postid" TYPE="int" LENGTH="10" NOTNULL="true" SEQUENCE="false"/>
        <FIELD NAME="fromuserid" TYPE="int" LENGTH="10" NOTNULL="true" SEQUENCE="false"/>
        <FIELD NAME="text" TYPE="text" NOTNULL="false" SEQUENCE="false"/>
        <FIELD NAME="timecreated" TYPE="int" LENGTH="10" NOTNULL="true" SEQUENCE="false"/>
        <FIELD NAME="timemodified" TYPE="int" LENGTH="10" NOTNULL="true" SEQUENCE="false"/>
      </FIELDS>
      <KEYS>
        <KEY NAME="primary" TYPE="primary" FIELDS="id"/>
      </KEYS>
      <INDEXES>
        <INDEX NAME="idx_postid" UNIQUE="false" FIELDS="postid"/>
        <INDEX NAME="idx_postid_time" UNIQUE="false" FIELDS="postid, timecreated"/>
      </INDEXES>
    </TABLE>
    <TABLE NAME="format_socialwall_attaches" COMMENT="holds the attachments of a post">
      <FIELDS>
        <FIELD NAME="id" TYPE="int" LENGTH="10" NOTNULL="true" SEQUENCE="true"/>
        <FIELD NAME="postid" TYPE="int" LENGTH="10" NOTNULL="true" SEQUENCE="false"/>
        <FIELD NAME="coursemoduleid" TYPE="int" LENGTH="10" NOTNULL="true" SEQUENCE="false"/>
        <FIELD NAME="sortorder" TYPE="int" LENGTH="10" NOTNULL="true" DEFAULT="0" SEQUENCE="false"/>
      </FIELDS>
      <KEYS>
        <KEY NAME="primary" TYPE="primary" FIELDS="id"/>
      </KEYS>
      <INDEXES>
        <INDEX NAME="idx_postid" UNIQUE="false" FIELDS="postid"/>
        <INDEX NAME="idx_postid_cmid" UNIQUE="false" FIELDS="postid, coursemoduleid"/>
        <INDEX NAME="idx_cmid" UNIQUE="false" FIELDS="coursemoduleid"/>
      </INDEXES>
    </TABLE>
    <TABLE NAME="format_socialwall_nfsettings" COMMENT="settings for each course and each user">
      <FIELDS>
        <FIELD NAME="id" TYPE="int" LENGTH="10" NOTNULL="true" SEQUENCE="true"/>
        <FIELD NAME="courseid" TYPE="int" LENGTH="10" NOTNULL="true" SEQUENCE="false"/>
        <FIELD NAME="userid" TYPE="int" LENGTH="10" NOTNULL="true" SEQUENCE="false"/>
        <FIELD NAME="notificationtype" TYPE="int" LENGTH="3" NOTNULL="true" DEFAULT="0" SEQUENCE="false" COMMENT="0 no, 1 each post, 2 digest"/>
      </FIELDS>
      <KEYS>
        <KEY NAME="primary" TYPE="primary" FIELDS="id"/>
      </KEYS>
    </TABLE>
    <TABLE NAME="format_socialwall_nfqueue" COMMENT="collect events for notification">
      <FIELDS>
        <FIELD NAME="id" TYPE="int" LENGTH="10" NOTNULL="true" SEQUENCE="true"/>
        <FIELD NAME="courseid" TYPE="int" LENGTH="10" NOTNULL="true" SEQUENCE="false"/>
        <FIELD NAME="creatorid" TYPE="int" LENGTH="10" NOTNULL="true" SEQUENCE="false" COMMENT="user id of user creating the event"/>
        <FIELD NAME="recipientid" TYPE="int" LENGTH="10" NOTNULL="true" DEFAULT="0" SEQUENCE="false" COMMENT="for this user event is important (0 means for all users in course)"/>
        <FIELD NAME="postid" TYPE="int" LENGTH="10" NOTNULL="true" SEQUENCE="false"/>
        <FIELD NAME="module" TYPE="char" LENGTH="20" NOTNULL="true" SEQUENCE="false" COMMENT="post, comment or like"/>
        <FIELD NAME="action" TYPE="char" LENGTH="100" NOTNULL="true" SEQUENCE="false"/>
        <FIELD NAME="details" TYPE="text" NOTNULL="false" SEQUENCE="false" COMMENT="forexample comments id."/>
        <FIELD NAME="time" TYPE="int" LENGTH="10" NOTNULL="true" SEQUENCE="false" COMMENT="time this event happens"/>
      </FIELDS>
      <KEYS>
        <KEY NAME="primary" TYPE="primary" FIELDS="id"/>
      </KEYS>
      <INDEXES>
        <INDEX NAME="idx_pid_tm_rcp" UNIQUE="false" FIELDS="postid, time, recipientid"/>
      </INDEXES>
    </TABLE>
  </TABLES>
</XMLDB>